LATITUDE,LONGITUDE,Trichodesmium nifH Gene (x106 copies m-3),UCYN-A nifH Gene (x106 copies m-3),UCYN-B nifH Gene (x106 copies m-3),DEPTH (m)
-28,-123,,0.0,,0.0
-28,-123,,0.0,,150.0
-28,-118,,0.0,,0.0
-28,-118,,81.8,,220.0
-38,-133,,255.6,,0.0
-38,-133,,0.005267553868600376,,110.0
-39,-140,,0.3,,0.0
-39,-140,,0.005788527835422935,,100.0
-42,-153,,144.7,,60.0
17,-25,,3690.0,63.1,
17,-25,,403.0,68.4,
17,-25,,123.0,60.6,
21,122,463.86,19.27,91.15,5.0
21,122,254.84,37.98,249.27,23.0
21,122,16.33,50.05,185.48,61.0
21,122,6.35,45.86,4.25,83.0
21,122,2.09,86.64,5.24,110.0
21,122,5.19,8.67,5.51,142.0
21,122,8.22,1.02,0.0019451431816966055,200.0
21,122,161.79,4.06,42.55,5.0
21,122,266.67,9.31,113.73,15.0
21,122,429.76,7.81,160.42,30.0
21,122,186.61,28.68,144.96,50.0
21,122,1.58,33.54,29.13,75.0
21,122,4.13,4.7,1.56,100.0
21,122,4.05,2.91,0.0015588485943126961,140.0
21,122,0.003038402005609663,0.0074447023544219944,0.007688086210541864,200.0
21,120,28.59,10.74,56.33,5.0
21,120,10.12,9.62,45.41,15.0
21,120,62.17,20.67,28.93,30.0
21,120,8.28,11.04,4.71,50.0
21,120,2.09,3.33,2.47,70.0
21,120,3.23,2.98,0.004933533096023086,100.0
21,120,7.13,5.39,0.007615739339543493,150.0
21,120,1.15,1.61,0.005807294295253883,200.0
21,120,96.87,10.27,26.86,5.0
21,120,20.14,8.5,16.01,12.0
21,120,13.37,46.39,4.38,33.0
21,120,14.38,21.01,1.3,45.0
21,120,3.51,2.78,1.33,77.0
21,120,3.49,1.61,1.16,100.0
21,120,1.42,2.32,1.33,150.0
21,120,1.26,1.25,0.004381613155934896,200.0
21,118,807.22,15.58,4.03,5.0
21,118,173.75,13.85,2.57,22.0
21,118,9.55,2.84,3.28,59.0
21,118,8.33,1.84,1.68,80.0
21,118,5.57,0.0004822317172039816,0.72,100.0
21,118,2.04,2.66,4.24,138.0
21,118,2.23,3.38,2.14,200.0
21,118,307.6,15.07,0.007544939463936504,5.0
21,118,303.64,53.2,2.6,20.0
21,118,67.35,14.87,5.45,26.0
21,118,1.6,7.37,5.79,54.0
21,118,6.06,2.55,6.82,74.0
21,118,2.49,1.19,1.34,127.0
21,117,243.14,11.64,1.6,5.0
21,117,573.61,18.92,2.22,11.0
21,117,16.9,3.23,1.66,28.0
21,117,5.43,2.14,1.12,39.0
21,117,12.33,3.16,1.95,66.0
21,117,6.51,2.06,1.69,100.0
21,117,0.006358178300929076,2.76,1.62,150.0
21,117,2.15,2.44,1.48,200.0
21,116,48.41,16.97,2.33,5.0
21,116,22.78,20.45,2.47,13.0
21,116,24.31,21.41,3.71,36.0
21,116,4.73,9.23,7.02,49.0
21,116,1.78,0.005607797479928004,3.22,83.0
21,116,2.54,2.39,2.07,100.0
21,116,4.53,2.54,1.16,150.0
21,116,0.0012796531030550215,2.16,1.13,200.0
21,122,11.01,0.0094286520081977,173.28,5.0
21,122,3.57,1.23,110.12,15.0
21,122,33.07,1.44,233.63,30.0
21,122,4.86,0.004646583116697297,95.6,50.0
21,122,11.09,0.007723147024002429,2.33,75.0
21,122,61.57,0.0031892836538888426,1.8,100.0
21,122,24.79,0.004661622836254243,1.73,115.0
21,122,7.25,0.00568382604954784,0.005601714839085195,150.0
21,122,16.63,0.00301393423774464,0.007360634387895796,200.0
21,120,26.17,1.1,5.05,5.0
21,120,10.45,0.005229355455751974,3.23,30.0
21,120,11.16,0.0030903147977565347,4.02,50.0
21,120,12.97,0.003237442312076869,3.49,100.0
21,120,5.26,0.004840065402066432,0.008473351723242227,120.0
21,120,2.59,0.009385600452344014,0.009167936953247047,200.0
21,120,5.81,2.1,2.57,5.0
21,120,67.48,0.006742212656682562,4.84,15.0
21,120,54.37,0.008677099653540812,5.44,40.0
21,120,8.67,0.00968990271458064,3.7,54.0
21,120,2.63,0.004028770677480494,0.0036259247931259746,93.0
21,120,4.07,0.00038340294380980605,1.22,100.0
21,120,7.94,0.006772412211071607,0.0032573913416197187,200.0
21,119,8.07,1.06,3.36,5.0
21,119,13.85,0.007144790184654427,4.75,30.0
21,119,15.58,0.0061273346227710985,7.26,50.0
21,119,19.21,0.007389260321354696,0.005379042279903887,80.0
21,119,2.96,0.006301117194935783,1.1,100.0
21,119,0.0016517801099100986,0.0029488256419939202,0.002700392470433621,200.0
21,118,13.09,2.65,3.38,5.0
21,118,8.1,1.52,2.28,15.0
21,118,9.47,0.00217136241034953,4.23,30.0
21,118,22.3,0.006175334985650802,2.46,50.0
21,118,6.15,0.0024193063041004674,0.0014328039954815217,75.0
21,118,3.5,0.004343850190372953,1.54,150.0
21,118,0.0053440348125239475,0.005715385602872342,0.005370350160083348,200.0
21,118,2.19,1.79,2.05,5.0
21,118,11.45,1.59,2.15,30.0
21,118,3.87,1.64,0.006402583762174011,50.0
21,118,1.8,0.009796410875187147,1.62,75.0
21,118,11.31,0.004962482967639555,0.005604204747451702,100.0
21,118,0.0038066120422677206,0.007889762234898824,1.01,200.0
21,117,13.4,0.00032401539712123735,1.13,5.0
21,117,4.46,2.31,1.05,13.0
21,117,18.96,6.93,0.002824311914785209,34.0
21,117,10.95,0.006523015751100505,2.31,47.0
21,117,5.5,0.0038066301439102007,1.04,80.0
21,117,7.84,3.95,0.0018088961017159611,100.0
21,117,0.005286485735644615,0.007701981804167325,1.48,150.0
21,117,0.0073469835032424335,0.00010355020744758081,0.007942218242786214,200.0
21,116,11.53,0.006156793526573117,4.34,5.0
21,116,16.31,0.002449545697087663,0.006264062974523392,30.0
21,116,15.18,0.007482791603377231,0.0030004193699963884,50.0
21,116,19.98,0.009790798458987412,0.00961673010691628,75.0
21,116,0.007931905092041723,0.0008077417280251513,0.0007836141120898532,100.0
21,116,0.0055443067152943564,0.0072765596700937124,0.0003015103720223518,200.0
21,122,2.86,7.32,3.61,5.0
21,122,1.03,5.76,4.33,21.0
21,122,2.88,3.58,3.03,57.0
21,122,6.48,6.01,1.46,78.0
21,122,0.00023001841462480868,3.65,1.43,134.0
21,122,2.88,5.47,1.14,150.0
21,122,0.001408253850134376,5.85,1.32,200.0
21,120,0.007883807532026051,7.7,1.27,5.0
21,120,4.8,6.49,1.85,15.0
21,120,1.61,10.94,3.06,50.0
21,120,3.62,6.49,1.42,75.0
21,120,0.00797205363397773,3.93,1.31,100.0
21,120,0.00470706657681835,3.47,1.34,150.0
21,120,0.005448959237447914,4.85,1.66,200.0
21,120,14.4,5.4,0.84,5.0
21,120,3.57,6.37,2.2,15.0
21,120,3.33,9.98,3.9,50.0
21,120,4.11,5.38,4.04,75.0
21,120,2.68,10.23,4.37,100.0
21,120,1.85,3.92,1.14,150.0
21,120,3.24,2.66,2.41,200.0
21,119,5.09,4.89,4.55,5.0
21,119,1.35,5.78,1.01,15.0
21,119,2.28,3.43,1.52,50.0
21,119,1.9,6.44,1.69,75.0
21,119,2.08,4.22,5.99,100.0
21,119,2.68,3.57,1.92,150.0
21,119,0.0037739464255889203,7.8,0.0027032547234238317,200.0
21,118,3.4,3.27,1.77,5.0
21,118,12.55,2.25,1.08,15.0
21,118,4.33,2.32,2.17,50.0
21,118,1.67,2.2,2.02,75.0
21,118,0.004486542621674189,2.5,0.008213428318843568,100.0
21,118,3.2,2.48,1.08,150.0
21,118,0.008819788566386587,3.53,1.32,200.0
21,118,3.14,3.89,1.47,5.0
21,118,3.3,3.76,3.35,15.0
21,118,2.12,2.53,3.02,50.0
21,118,9.92,3.05,3.09,75.0
21,118,1.98,3.33,5.32,100.0
21,118,2.7,1.57,3.16,150.0
21,118,0.007700206093966683,2.13,3.43,200.0
21,117,2.87,4.06,1.88,5.0
21,117,1.47,4.28,2.69,15.0
21,117,1.97,3.52,2.9,50.0
21,117,0.005552393218439621,2.6,2.46,75.0
21,117,2.54,2.49,2.48,100.0
21,117,0.0008933992228322887,2.78,0.00042010159437587055,150.0
21,117,0.007714038618542087,2.71,2.4,200.0
21,116,4.6,3.77,3.58,5.0
21,116,4.8,2.3,5.26,15.0
21,116,1.45,2.49,2.27,50.0
21,116,0.003624757901866793,2.69,1.82,75.0
21,116,0.0001472797537507651,2.83,0.002718555710160061,100.0
21,116,0.0020524664976759917,2.69,1.14,150.0
21,116,0.002573800968542597,2.8,1.55,200.0
17,69,0.16,0.0,0.0,0.0
17,69,0.0,0.0,0.0,4.0
17,69,0.0,0.0,0.0,12.0
17,69,0.16,0.0,0.0,22.0
17,69,0.2,0.0,0.0,46.0
14,69,0.63,0.0,0.16,0.0
14,69,1.26,0.0,0.0,5.0
14,69,0.4,0.0,0.5,14.0
14,69,1.26,0.0,0.0,25.0
14,69,0.79,0.0,0.0,53.0
10,69,1.58,0.0,0.0,0.0
10,69,1.26,0.0,0.0,7.0
10,69,7.94,0.0,0.0,16.0
10,69,3.98,0.0,0.0,29.0
10,69,0.0,0.0,0.0,62.0
4,69,0.0,0.0,0.0,0.0
4,69,0.0,0.0,0.0,16.0
4,69,0.0,0.0,0.0,60.0
-5,68,0.0,0.0,0.0,0.0
-5,68,0.0,0.0,0.0,16.0
-5,68,0.0,0.0,0.0,61.0
-20,73,0.0,0.0,0.0,0.0
-20,73,0.0,0.0,0.0,10.0
-20,73,0.0,0.0,0.0,24.0
-20,73,0.0,0.0,0.0,41.0
-20,73,0.0,0.0,0.0,86.0
39,142,0.0010571758559547052,24.9,0.0038787453412557652,0.0
39,142,0.007088261725499201,174.25,0.0032883737823713437,0.0
39,142,0.00040292200938546636,206.87,0.008581068637733164,11.0
39,142,0.00804322357311241,32.3,0.0007300607133544912,34.0
39,142,0.0006144085692837663,2.84,0.003630600012984925,63.0
39,142,0.0021984085661961713,57.6,0.006107535263919681,0.0
39,143,0.008474653371688547,77.95,0.004524840785870194,0.0
38,141,0.007481252951516158,33.98,0.002824861858410547,0.0
38,142,0.002982160946903664,105.25,0.00280339022136017,0.0
38,142,0.00939687639968313,142.75,0.0029178806414548834,0.0
38,142,0.0037441014526269165,79.9,0.0018674827464299996,9.0
38,142,0.0030174494244730636,2.18,0.009915000075945157,34.0
38,142,0.0030151294193057447,0.57,0.00431187236178217,62.0
38,142,0.005078580548060026,264.25,0.00832217354160909,0.0
38,143,0.008165660658832162,0.87,0.006253826319248209,0.0
39,142,1.07,0.0016444539511454841,0.004477941684014147,0.0
39,142,37.08,1.18,0.0015241960135349182,0.0
39,142,13.85,0.4,0.0016014876085747708,31.0
39,142,0.00278272526296007,0.96,9.212763464835731e-05,62.0
39,142,13.43,0.008012941695580474,0.00984378296899145,0.0
39,143,2.06,0.002785051718415966,0.003761163135571984,0.0
38,141,1.31,0.00827429837349374,0.009312709579025087,0.0
38,142,2.86,2.76,0.005952343688552462,0.0
38,142,0.005414884428473222,0.57,0.0007976574067707371,0.0
38,142,0.41,0.005855013294916932,0.0034351208254328825,32.0
38,142,0.0014013882143047753,0.42,0.001320042320284329,65.0
38,143,87.0,0.006947439967488677,0.0031011019207614603,0.0
39,142,0.0028862447955927103,0.0036692463660762875,0.007647262001452342,0.0
39,142,0.004386259472361644,0.71,0.0024456985462334565,0.0
39,142,0.007088909129757622,0.008810575425359127,0.009537441062273866,41.0
39,142,0.0015619770517529292,0.008426599960374613,0.006884314349724201,76.0
39,142,0.0009142731046218149,0.005583977208634245,0.004316551624528556,0.0
39,143,0.008849549469750848,0.0021261125500463118,0.0050916261547394644,0.0
38,141,0.0034317403704492997,0.92,0.007194757676639834,0.0
38,142,0.0018939216324060579,0.0010010540160717129,0.0025572849504389055,0.0
38,142,0.003922148187286685,0.005558356601454558,0.004919027175144173,0.0
38,142,0.00849167173113895,0.009785076034266916,0.0021105263803726133,62.0
38,142,0.005704834802786891,0.004500876234522825,0.007315691884615791,119.0
38,142,0.004958073212225423,0.008880957883031473,0.005937485559599152,0.0
39,142,0.0038894054586317388,12.37,0.0008476800042807944,0.0
39,142,0.001451154045819322,11.08,0.00939519059331789,23.0
39,142,0.0017655203562794639,0.66,0.006210328130881055,42.0
39,142,0.0018122393256650125,10.47,0.001357024972623952,0.0
39,143,0.0042596514679781655,27.98,0.0024403066640856673,0.0
38,141,0.001056866279440771,40.53,0.0014154906624764402,0.0
38,142,0.00690653688233084,2.31,0.005396772258991183,0.0
38,142,0.0008015090052192024,0.0067769808565119345,0.002987027880359882,0.0
38,142,0.009350499182399757,0.0023274249682821747,0.005992348013121564,25.0
38,142,0.0032554351306462977,0.007742009783427232,0.007105424826264382,44.0
38,142,0.009232642246065887,0.0021311338003603703,0.008005573523072476,0.0
38,143,0.0035415185143130943,1.14,0.0007652603198410133,0.0
38,143,0.0010958189839689915,0.00826938495968103,0.009433599571823272,0.0
39,142,4.68,0.00985785551995798,0.006831638088174616,0.0
39,142,2.01,0.0019419855087625271,0.007735189400452726,0.0
39,142,0.00838572961851326,0.45,0.0018891170131577675,38.0
39,142,0.006198187973353964,1.2,0.007417361163701376,72.0
39,142,0.0016789777491480092,9.49,0.002709528202172372,0.0
39,143,0.004722568837053523,2.77,0.00972447476230051,0.0
38,142,2.83,1.06,0.006473690399318827,0.0
38,142,0.0012685692889433543,7.95,0.0011482181288334017,0.0
38,142,0.51,2.13,0.005383620601198456,0.0
38,143,10.49,12.08,0.72,0.0
39,142,0.009151635713265502,0.005202104645151766,0.005816828104440631,0.0
39,142,0.006950175789440798,0.00020136390332092628,0.006946588448845807,14.0
39,142,0.006632339674343117,0.003464623693603953,0.007845360629512686,26.0
39,142,0.009719876398549116,0.0013712351905918393,0.009554304781496435,0.0
39,143,0.005388815326082235,0.002482665428106395,0.00029649526468820617,0.0
38,142,0.00532556206539077,0.003253883837118855,0.0050046579391241144,0.0
38,142,0.0006311379522641915,0.0025260727048827796,0.005543645536709817,0.0
38,142,0.0003393870809659666,0.006640571610484544,0.005971608579712957,25.0
38,142,0.005662020406046164,0.007107393185959965,0.008775128837529778,65.0
38,142,0.004826340565580419,0.0006837428610317487,0.008991192749601794,0.0
38,143,0.006531479701858087,0.008720215491598531,0.007435684617744355,0.0
35,135,,5.6,,10.0
35,135,,0.004398377776992009,,10.0
35,136,,5.0,,10.0
35,136,,4.4,,10.0
34,135,,6.6,,0.0
34,135,,9.4,,10.0
34,135,,7.7,,0.0
34,135,,4.4,,10.0
35,135,,12.0,,0.0
35,135,,6.1,,0.0
35,135,,5.9,,10.0
35,135,,0.002768868689172148,,10.0
11,-60,0.1,0.0,0.04,200.0
11,-60,0.16,0.0,0.03,160.0
11,-60,0.07,0.007971134957707649,0.17,120.0
11,-60,0.6,0.0,0.0,80.0
11,-60,1.1,0.006955838582573164,0.02,40.0
11,-60,67.0,59.0,5.83,5.0
13,-58,0.17,0.0,0.03,200.0
13,-58,0.14,0.0,0.01,160.0
13,-58,0.31,0.0019482615832328975,0.04,120.0
13,-58,1.57,0.0,0.04,70.0
13,-58,209.0,0.00934078670899376,0.97,35.0
13,-58,131.0,31.0,0.85,5.0
14,-56,0.19,0.0,0.05,200.0
14,-56,0.38,0.0,0.0,160.0
14,-56,0.3,0.0013005046032513873,0.04,120.0
14,-56,1.79,0.0,0.04,75.0
14,-56,8.6,0.006927862199262727,0.04,40.0
14,-56,27.3,0.0,0.09,10.0
14,-54,0.11,0.0,0.03,200.0
14,-54,3.64,0.0,0.02,160.0
14,-54,0.45,0.0026962342355518172,0.0,115.0
14,-54,11.1,0.0,0.0,70.0
14,-54,51.9,0.003554098507809915,0.05,40.0
14,-54,160.0,76.0,3.32,6.0
14,-49,0.12,0.0,0.02,200.0
14,-49,0.35,0.0,0.0,150.0
14,-49,3.29,0.0015196878597129627,0.0,100.0
14,-49,2.23,0.0,0.03,65.0
14,-49,40.9,0.007080486965175903,0.03,35.0
14,-49,69.2,0.0,0.12,10.0
14,-46,0.15,0.0,0.0,200.0
14,-46,0.11,0.0,0.0,150.0
14,-46,4.87,0.0005890215687630925,0.03,115.0
14,-46,3.86,0.0,0.06,70.0
14,-46,25.7,0.004471937978938222,0.24,40.0
14,-46,19.6,2.1,0.18,10.0
14,-41,0.0,0.0,0.0,200.0
14,-41,3.71,0.0,0.08,140.0
14,-41,0.48,0.0028895194653764025,0.01,115.0
14,-41,0.33,0.0,0.0,75.0
14,-41,2.91,0.0008352566978710244,0.56,45.0
14,-41,6.84,21.0,0.11,10.0
14,-39,0.0,0.0,0.0,200.0
14,-39,0.62,0.0,0.0,140.0
14,-39,0.8,0.0064360706104821565,0.05,105.0
14,-39,0.81,0.0,0.03,75.0
14,-39,0.69,0.007625913294161958,0.04,60.0
14,-39,0.4,29.0,0.11,10.0
14,-35,0.18,0.0,0.0,200.0
14,-35,0.08,0.0,0.0,150.0
14,-35,0.13,0.0023059113198678404,0.0,110.0
14,-35,0.11,0.0,0.0,93.0
14,-35,0.16,0.0038314289468371473,0.0,50.0
14,-35,3.26,58.0,0.0,10.0
14,-32,0.19,0.0,0.03,200.0
14,-32,0.22,0.0,0.0,150.0
14,-32,0.15,0.006234088676735456,0.0,120.0
14,-32,0.0,0.0,0.0,90.0
14,-32,0.17,0.00230148028063659,0.0,60.0
14,-32,0.24,150.0,0.0,10.0
14,-30,0.17,0.0,0.0,200.0
14,-30,0.04,0.0,0.0,150.0
14,-30,0.18,0.00589035703814376,0.03,120.0
14,-30,0.17,0.0,0.06,85.0
14,-30,0.06,0.0008938338716315587,0.02,45.0
14,-30,0.39,66.0,0.04,10.0
14,-28,0.09,0.0,0.0,200.0
14,-28,0.15,0.0,0.0,150.0
14,-28,0.22,0.00406021692441425,0.0,90.0
14,-28,0.0,0.0,0.01,70.0
14,-28,0.18,0.001993644567932485,0.05,50.0
14,-28,0.43,110.0,0.08,10.0
14,-26,0.23,0.0,0.04,200.0
14,-26,0.21,0.0,0.06,132.0
14,-26,0.17,0.005753021108524477,0.02,95.0
14,-26,0.08,0.0,0.03,74.0
14,-26,0.16,0.0043571251178588935,0.18,25.0
14,-26,0.0,95.0,0.19,10.0
14,-22,0.0,0.0,0.02,200.0
14,-22,0.0,0.0,0.03,150.0
14,-22,0.0,0.007144449200098606,0.0,100.0
14,-22,0.09,0.0,0.0,65.0
14,-22,0.0,0.006473613113716019,0.0,30.0
14,-22,0.04,0.0,0.0,10.0
-3,150,12.16,0.06,0.15,5.0
-3,150,0.69,0.0,0.07,15.0
-3,150,1.37,0.0,0.1,30.0
-3,150,1.08,0.0,0.0,70.0
-3,149,3.0,1.34,0.0,5.0
-3,149,1.12,0.0,0.0,15.0
-3,149,1.11,0.0,0.0,30.0
-3,149,1.01,0.0,0.0,70.0
-4,149,0.57,0.0,0.03,5.0
-4,149,1.89,0.0,0.04,15.0
-4,149,0.19,0.0,0.08,30.0
-4,149,0.24,0.0,0.03,70.0
-4,148,2.99,0.0,0.0,5.0
-4,148,4.47,0.0,0.06,15.0
-4,148,1.26,0.06,0.18,30.0
-4,148,0.16,0.0,0.05,70.0
-4,147,9.09,0.0,0.0,5.0
-4,147,7.06,0.08,0.0,15.0
-4,147,0.57,0.0,0.0,30.0
-4,147,0.24,0.08,0.07,70.0
-4,146,7.04,0.0,0.0,5.0
-4,146,8.9,0.14,0.54,15.0
-4,146,0.16,0.0,0.0,30.0
-4,146,0.51,0.0,0.0,70.0
-9,152,18.67,0.0,0.0,5.0
-9,152,12.25,0.0,0.0,15.0
-9,152,23.49,0.0,0.0,30.0
-9,152,1.46,0.0,0.04,70.0
-8,152,29.36,0.06,0.0,5.0
-8,152,29.87,0.0,0.0,15.0
-8,152,103.04,0.04,0.04,30.0
-8,152,2.26,0.07,0.03,70.0
-8,152,36.92,0.0,0.0,5.0
-8,152,40.68,0.0,0.0,15.0
-8,152,8.65,0.0,0.0,30.0
-8,152,0.33,0.0,0.0,70.0
-7,152,58.02,0.0,0.0,5.0
-7,152,47.38,0.0,0.0,15.0
-7,152,5.71,0.0,0.0,30.0
-7,152,0.17,0.0,0.0,70.0
-6,152,134.35,0.0,0.0,5.0
-6,152,97.59,0.0,0.0,15.0
-6,152,27.09,0.0,0.0,30.0
-6,152,1.95,0.0,0.0,70.0
-6,152,130.73,0.0,0.0,5.0
-6,152,90.3,0.0,0.0,15.0
-6,152,106.53,0.0,0.0,30.0
-6,152,1.4,0.0,0.0,70.0
-12,154,40.94,0.0,22.77,5.0
-12,154,40.1,1.39,45.34,15.0
-12,154,35.05,6.96,75.15,30.0
-12,154,0.0,0.0,0.18,90.0
-11,157,0.66,0.04,0.07,5.0
-11,157,10.65,0.0,0.72,15.0
-11,157,10.2,0.0,1.64,30.0
-11,157,24.06,0.0,17.07,80.0
-10,159,45.33,0.0,11.64,5.0
-10,159,35.44,0.0,10.34,15.0
-10,159,10.42,0.01,1.86,35.0
-10,159,0.0,0.0,0.0,85.0
-10,160,111.09,0.0,3.4,5.0
-10,160,161.58,0.0,8.29,15.0
-10,160,44.49,0.0,8.66,30.0
-10,160,0.93,0.0,1.17,80.0
44,-9,,0.0,,0.0
44,-9,,0.06,,0.0
44,-9,,0.0063870779640461655,,0.0
44,-9,,0.21,,0.0
44,-9,,0.0,,0.0
44,-9,,1.08,,0.0
44,-9,,0.93,,0.0
44,-9,,2.04,,0.0
44,-9,,0.18,,0.0
44,-9,,0.5,,0.0
0,-170,0.0019480467365350484,0.0026261638128867726,0.0072840332597542325,0.0
0,-170,0.004234822321119335,0.007209406986653601,0.0013655824106976917,22.0
0,-170,0.004210808060063529,0.00511978916050434,0.0025901960628211228,37.0
0,-170,0.003101008186389878,0.006151198033017382,0.009353611298070144,70.0
0,-170,0.002339524327018642,0.009612969709725075,0.003192109992745289,104.0
5,-170,0.0007555315926153702,0.006812975552989249,0.0052846711103115215,0.0
5,-170,0.00849447590907671,0.0032340514541428405,0.009029507784917021,16.0
5,-170,0.004729511496000903,0.0019014129158020157,0.007038795531022305,37.0
5,-170,0.008587573374397103,0.006326220805345962,0.00019101022453267384,94.0
5,-170,0.008414954265974453,0.006230294277981065,0.0006491661793147901,153.0
10,-170,0.004959131218457859,0.009472018486555793,0.006856241623801598,0.0
10,-170,0.007049583651626176,0.002917112392979899,0.0005881878826917448,24.0
10,-170,0.00045154636974575717,0.009784492264017957,0.00013866128986942186,47.0
10,-170,0.0067235133603681975,0.006342874291322381,0.004213047175978759,103.0
10,-170,0.007125084808722011,0.00607606301049102,0.00026389541612859696,140.0
15,-170,0.37,43.08,77.83,0.0
15,-170,0.28,50.76,136.41,19.0
15,-170,1.42,55.59,60.33,48.0
15,-170,0.006636292933757162,8.19,0.79,116.0
15,-170,0.008715134273363855,0.009304132369959497,0.63,170.0
20,-170,0.18,7.8,109.89,0.0
20,-170,0.86,7.36,68.04,20.0
20,-170,14.25,150.28,140.39,47.0
20,-170,0.0036234189590482807,23.89,1.52,100.0
20,-170,0.00811151009956641,0.007347728918866204,0.67,144.0
24,-170,5.85,18.74,5.73,0.0
24,-170,3.72,231.07,11.96,25.0
24,-170,0.0007516766325590674,880.72,1.29,54.0
24,-170,0.009190325184708598,0.007554911316339992,0.35,113.0
24,-170,0.0026501549268593185,0.0010208786666978907,0.0028021449846773816,157.0
30,-170,0.13,9.1,0.006880427453738215,0.0
30,-170,0.57,45.73,0.009688442656061452,27.0
30,-170,0.005939988103374099,29.81,0.006154710127627509,50.0
30,-170,0.002632539039857858,0.00018610218321770712,0.007079842322542756,93.0
30,-170,0.002143646256627432,0.0001653782112357883,0.0031820251604550796,140.0
35,-170,0.00929804862240795,0.0007615943341212576,0.0026822735429825476,0.0
35,-170,0.006249850468236616,0.008698260304091257,0.001956017423896254,22.0
35,-170,0.0036929512100225582,0.008876550044632309,0.009067195966189025,40.0
35,-170,0.0014422781032217852,0.002895181439446317,0.008162453319496712,70.0
35,-170,0.009256895500588863,0.005239450501524173,0.005317595565193914,99.0
40,-170,0.005089716670094692,0.0033618176062123004,0.006248043430777879,0.0
40,-170,0.004972046649267493,0.00945211671790176,0.0027354891007186693,15.0
40,-170,0.003985487080586433,0.009160708443097574,0.0008483843135781866,27.0
40,-170,0.009455605831262606,0.0037546917635167673,0.007547763680077377,63.0
40,-170,0.0012496417064785555,0.0068853442809036665,0.00988223176494833,119.0
45,-170,0.0016752969586815245,0.00048067728718196104,0.004466595360742917,0.0
45,-170,0.0029459804300636635,0.005275195586286396,0.009731583818524348,15.0
45,-170,0.006099120651226962,0.006967835322027072,6.690741013583301e-05,29.0
45,-170,0.007486149012249812,0.005108396960183143,0.00487746416108246,64.0
45,-170,0.004273814887056827,0.002257943518106916,0.0009078866717068274,107.0
50,-170,0.0032564116160864577,0.004935228840456253,0.002463752245836231,0.0
50,-170,0.008307833606020998,0.004134775325616824,0.002793759159242388,9.0
50,-170,0.009635907851802591,0.003527021815539895,0.00568825604858297,17.0
50,-170,0.0005914503279000269,0.006087991110800695,0.000753159185134156,63.0
50,-170,0.0013350248905576057,0.008825242513631986,0.00994775637782066,104.0
55,-170,0.009878629395950364,0.005119398737555279,0.004848529914321547,0.0
55,-170,0.009655274010274687,0.004700029701317692,0.00021769963888867115,5.0
55,-170,6.937524476046189e-06,0.0001697689585170789,0.006592479075284844,11.0
55,-170,0.007572348313692532,0.00874190348197885,0.007936980337139835,31.0
55,-170,0.008915989443301714,0.0029748371174349595,0.002686319286763601,60.0
60,-171,0.009228965413152858,0.009831871868104627,0.0030259534326443974,0.0
60,-171,0.007084398264985455,0.0067918088185232525,0.0007103636714261615,8.0
60,-171,0.007785820955435799,0.003074544458537236,0.005241952348075266,14.0
60,-171,0.008862327147414854,0.00035920620945184036,0.0067104873868872855,29.0
60,-171,0.005790368643861467,0.0075289308409472715,0.0034332600011628316,46.0
64,-168,0.004100851855291232,123.1,0.004257812407108442,0.0
64,-168,0.009250197330574585,6.05,0.009124749340649595,9.0
64,-168,0.006546861827784172,1.05,0.007983053713473173,13.0
64,-168,0.002217691696828723,0.65,0.0020910323050045473,20.0
64,-168,0.003010511078637569,0.22,0.007483969415341964,30.0
68,-168,0.0009846928030355032,0.005745811208585632,0.005288516375987642,0.0
68,-168,0.0061575177595588025,0.006332989492749018,0.008506892473496244,18.0
68,-168,0.008443918770944967,0.00071004876889319,0.004518803903589845,27.0
68,-168,0.003013541520878805,0.009472433081323617,0.0069703730247123105,35.0
23,117,0.04,0.0,,5.0
23,118,0.07,0.0,,5.0
23,117,0.0074010607223360895,0.003112233842697095,0.005182579969003099,5.0
23,117,0.04,,,5.0
22,117,0.23,0.0,,5.0
24,119,0.06,,,5.0
24,119,0.07,0.0,,5.0
24,118,0.04,,,5.0
24,119,0.06,0.0,,5.0
25,119,0.11,0.0,,5.0
25,120,0.06,0.0,,5.0
25,120,0.07,0.0,,5.0
25,119,0.07,0.01,,5.0
25,119,0.12,0.0,,5.0
24,119,0.004795129079387146,0.004588926509166864,0.006645152411491465,5.0
22,119,0.0017980638577588873,0.005830328897395638,0.006937227243581021,5.0
21,118,3.59,0.0,,5.0
21,118,1.75,0.0,,5.0
22,117,0.004465900411045923,0.0021820476904964893,0.003160767568798923,5.0
22,118,0.008992488474981013,0.00652600885600205,0.003442936863226587,5.0
23,118,0.0006051687619459487,0.0032040436938709487,0.0012072461503944247,5.0
22,118,0.00038755822434565455,0.009431057665420944,0.009443780590497204,5.0
-22,166,,0.95,,3.0
-22,166,,4.77,,3.0
-22,166,,4.15,,3.0
-22,166,,5.52,,3.0
-22,166,,0.03,,3.0
-22,166,,0.0,,3.0
-22,166,,0.04,,3.0
-22,166,,0.07,,3.0
-22,166,,0.0,,3.0
-22,166,,2.22,,3.0
-22,166,,11.44,,3.0
-22,166,,44.8,,3.0
-22,166,,0.43,,3.0
-22,166,,0.22,,3.0
-22,166,,0.08,,3.0
-22,166,,0.07,,3.0
-22,166,,0.03,,3.0
-22,166,,0.42,,3.0
-22,166,,52.31,,3.0
-22,166,,64.65,,3.0
-22,166,,579.47,,3.0
-22,166,,51.47,,3.0
-22,166,,225.83,,3.0
-22,166,,0.53,,3.0
-22,166,,10.62,,3.0
-22,166,,0.0,,3.0
-22,166,,0.44,,3.0
-22,166,,127.26,,3.0
-22,166,,214.25,,3.0
-22,166,,444.13,,3.0
-22,166,,4.48,,3.0
-22,166,,4.69,,3.0
-22,166,,0.89,,3.0
-22,166,,7.4,,3.0
-22,166,,15.7,,3.0
-22,166,,125.12,,3.0
-22,166,,51.83,,3.0
-22,166,,0.02,,3.0
-22,166,,2.97,,3.0
-22,166,,117.41,,3.0
-22,166,,4.85,,3.0
-22,166,,1.0,,3.0
-22,166,,0.22,,3.0
-22,166,,0.02,,3.0
-22,166,,0.05,,3.0
-22,166,,0.31,,3.0
-22,166,,135.02,,3.0
-22,166,,379.71,,3.0
-22,166,,4.46,,3.0
-22,166,,2.53,,3.0
-22,166,,0.03,,3.0
-22,166,,4.67,,3.0
-22,166,,1.12,,3.0
-22,166,,1.8,,3.0
-22,166,,0.02,,3.0
-22,166,,21.15,,3.0
-22,166,,13.22,,3.0
-22,166,,110.33,,3.0
-22,166,,0.03,,3.0
-22,166,,0.04,,3.0
-22,166,,0.81,,3.0
-22,166,,0.0,,3.0
-22,166,,7.43,,3.0
-22,166,,88.71,,3.0
-22,166,,50.9,,3.0
-22,166,,0.54,,3.0
-22,166,,1.94,,3.0
-22,166,,0.05,,3.0
-22,166,,0.36,,3.0
-22,166,,0.03,,3.0
-22,166,,0.6,,3.0
0,-170,0.0028048884573029674,0.008716718396403342,0.003469735629293335,0.0
0,-170,0.007961436014854969,0.00981135771944219,0.007522571927045358,23.0
0,-170,0.0074159809796755845,0.0006130941255750623,0.00019176932340704209,39.0
0,-170,0.006963732314654903,0.005081976158561648,0.006175549527042247,70.0
0,-170,0.0032585764118443755,0.0016945957899876327,0.0036276450659874226,104.0
-10,-170,0.006461958468234131,0.005704173341849695,0.0004362226731879446,0.0
-10,-170,0.006272479079672195,0.006731273912277273,0.009846067764495833,25.0
-10,-170,3.98,0.006714919086110116,0.0035905111339463135,51.0
-10,-170,0.0003784209564823837,0.002667708388197486,0.007419158541056504,108.0
-10,-170,1.26,0.009482658482327658,0.004216128308101833,158.0
-15,-170,0.003827688685384514,0.007756563679580934,0.002768627152085838,0.0
-15,-170,0.003403408664102002,0.002595620690835027,0.0020459425981779467,25.0
-15,-170,0.006619947625113908,0.0031281045262078694,0.0011717283343658097,50.0
-15,-170,0.0050738364270858935,0.004440551283624476,0.0031843442324678128,117.0
-15,-170,0.0018138641710956742,0.0009783610208027645,0.006261736759594022,175.0
-20,-170,10.0,0.0014463158599536605,79.43,0.0
-20,-170,12.59,12.59,25.12,27.0
-20,-170,12.59,100.0,19.95,54.0
-20,-170,1.58,0.63,2.51,114.0
-20,-170,0.006162459396124835,0.0032377866980414947,1.0,168.0
-25,-170,199.53,7.94,125.89,0.0
-25,-170,125.89,39.81,158.49,22.0
-25,-170,50.12,501.19,50.12,48.0
-25,-170,6.31,0.0072204579707316925,3.98,89.0
-25,-170,0.004643933386259898,0.004647772599529564,3.98,134.0
-30,-170,2.51,100.0,0.00667666278897255,0.0
-30,-170,3.16,125.89,0.007223863733210132,24.0
-30,-170,0.009761233184858418,125.89,0.0027649450150066014,48.0
-30,-170,0.005850083716152783,0.0062802085557968935,0.00558807257551921,92.0
-30,-170,0.0056360136777980656,0.0017806579931963825,8.479496341610299e-05,130.0
-35,-170,0.003050861036473438,158.49,0.004971903616731116,0.0
-35,-170,0.0009831934958451673,199.53,0.0025790292481812907,20.0
-35,-170,0.005467302682296287,199.53,0.0032397401996552937,44.0
-35,-170,0.007478508530017079,0.00020537295555598037,0.008994609366891691,96.0
-35,-170,0.0015667649915457726,0.009096689359382786,0.004305066968887996,147.0
-40,-170,0.005366561619863604,6.31,0.0002184272990231207,0.0
-40,-170,0.0053813121693425435,0.004639289327124534,0.002639122483288487,18.0
-40,-170,0.005139858608016199,0.0009105384157797047,0.005206111136960801,41.0
-40,-170,0.003532002484285813,0.004798835675951149,0.007497393176834019,81.0
-40,-170,0.007657673226453355,0.002517623143646854,0.00683588104136304,122.0
0,-135,0.0023972999065129588,0.004149831650887439,0.0028999855337292412,0.0
0,-135,4.889141978279242e-05,0.008266985431019036,0.0015649169408391023,15.0
0,-135,0.0019023948921147987,0.00959086422216526,0.006306274257777231,29.0
0,-135,0.002251319416972304,0.0056940139796253526,0.007337339741348396,63.0
0,-135,0.0098178095776402,0.007052070534990806,0.00908342533360913,96.0
-8,-128,0.0015670073463509744,0.00876555671513383,0.004984900730713287,0.0
-8,-128,0.00041514875854781544,0.0005560662712664876,0.005828946094370309,11.0
-8,-128,0.006430938221825078,0.009043278239903573,0.005375626377530487,26.0
-8,-128,0.0009063858625812122,0.005096389601601594,0.0098042098139237,69.0
-8,-128,0.001012900058149399,0.00928273395515615,0.009239486587770187,115.0
-15,-120,0.008634287944489984,0.008779776652496678,0.006509800518564085,0.0
-15,-120,0.0026435854356841367,0.007861113845726497,0.005460187151423273,10.0
-15,-120,0.0006721168190645544,0.007224936978759412,0.0031134414417368353,24.0
-15,-120,0.0015708102197801999,0.009141438504368896,0.0043027238855537575,62.0
-15,-120,0.00038552980895348136,0.002038705597382012,0.00020136814706413382,107.0
-20,-120,0.0036738705074276313,0.0023561356590303187,0.008052609168133218,0.0
-20,-120,0.006977284670280854,0.006182369243404238,0.0018003228075645535,18.0
-20,-120,0.007048017995150587,0.008011229775164903,0.00025439031252852233,35.0
-20,-120,0.003546641175792565,0.0015905344587939484,0.009149031470083524,81.0
-20,-120,0.0014695095032341478,0.0007153103968497998,0.00013690035581655387,140.0
-23,-120,0.0013662672068840385,0.008276614298408634,0.008911343948825883,0.0
-23,-120,0.008250304073774258,0.00782786662370374,0.003779997981797789,16.0
-23,-120,0.009350641869498948,0.004192356893346784,0.0014643414627796471,42.0
-23,-120,0.007174294413064882,0.008300875870637898,0.0028503896544572593,155.0
-23,-120,0.009707490996203652,0.002689960443348999,0.00745485550807146,195.0
-26,-120,0.005370889506620822,100.0,0.008943531207665783,0.0
-26,-120,0.0056884970778086665,251.19,0.0014119808127647723,41.0
-26,-120,0.0005539119444360491,15.85,1.26,81.0
-26,-120,0.006790871266597686,0.0012223158810883133,0.009206910760828108,158.0
-26,-120,0.0041380611542719435,0.009367113413395309,0.008250554986627096,215.0
-30,-120,0.004330207823337734,31.62,0.002420998384864618,0.0
-30,-120,0.008813629453567694,100.0,0.0007795867388366261,29.0
-30,-120,0.009881505094778295,19.95,0.007694491987162459,43.0
-30,-120,0.004158313866567918,0.008174643992893752,0.0060945496012509495,168.0
-30,-107,0.0019046020954087695,0.0005934788312946977,0.00498366144064765,0.0
-30,-107,0.009774650797704367,0.00463713325170491,0.0033684018170572804,25.0
-30,-107,0.0014635822042586184,15.85,0.009820989630928817,59.0
-30,-107,0.0051102776374034285,0.0027558744333397037,0.007676211707744473,135.0
-30,-107,0.001254629643466964,0.0016659807521275279,0.00602960054088973,195.0
-30,-100,0.00822647544849695,0.008147853004687584,0.00033980399393445174,0.0
-30,-100,0.009001197133960208,0.007013382304938146,0.008518238774630635,14.0
-30,-100,0.008010233499350213,0.006721023393495262,0.0018357147316967245,47.0
-30,-100,0.0058889170609799785,0.0036620068279701245,0.0026763555413483863,110.0
-30,-100,0.00892860623627411,0.005594355712585392,0.007912390163275471,171.0
-23,-100,0.0012306473622829307,0.005733504154701559,0.0008566260855727825,0.0
-23,-100,0.007447967279324343,0.0023475213872114695,0.008961646527905829,29.0
-23,-100,0.0030701197476369416,0.002979245767271061,0.005698559643974414,72.0
-23,-100,0.0045901151153669145,0.0022476454506009215,0.008787999980309628,145.0
-23,-100,0.009478313018408189,0.004947010570786347,0.000904544166120071,205.0
-20,-100,0.001092625859058385,0.008162111492698501,0.0036517244889911595,0.0
-20,-100,5.01,0.0034902223549289494,0.0056120999623139566,19.0
-20,-100,0.008525205666193015,0.006220680317344848,0.007323689464939332,46.0
-20,-100,0.006118886923923844,0.008669816360900067,0.0061896882655229565,120.0
-20,-100,0.005167724956920543,0.0026887906553827445,0.0029150075522729312,177.0
66,-169,,0.1,,0.0
66,-169,,0.13,,10.2
66,-169,,0.25,,19.3
66,-169,,0.0073974144610404295,,29.2
68,-169,,0.1,,0.0
68,-169,,0.0023532316724388545,,15.0
68,-169,,0.4,,24.9
68,-169,,0.13,,35.0
70,-169,,1.26,,0.0
70,-169,,3.16,,10.9
70,-169,,0.0036117005183081722,,22.0
70,-169,,0.2,,30.0
71,-158,,1.0,,0.0
71,-158,,0.63,,8.3
71,-158,,1.0,,18.0
71,-158,,1.0,,27.8
72,-158,,0.5,,0.0
72,-158,,1.58,,9.6
72,-158,,0.13,,23.7
72,-158,,0.002407921860423997,,39.7
72,-169,,0.08,,0.0
72,-169,,0.13,,12.0
72,-169,,0.004190859796837801,,22.4
72,-169,,0.0028607974096681917,,37.1
67,-169,,0.000812270507385868,,0.0
67,-169,,0.007301603342200267,,15.3
67,-169,,0.0026413758020430323,,25.7
67,-169,,0.0033228297885404875,,35.2
72,-155,,1.0,,0.0
72,-155,,1.58,,9.0
72,-155,,1.0,,18.1
72,-155,,1.58,,28.7
72,-155,,1.0,,0.0
72,-155,,0.006687676590522435,,16.0
72,-155,,0.16,,38.1
72,-155,,0.005533434183991941,,63.7
72,-155,,0.32,,0.0
72,-155,,0.008836931060638528,,26.0
72,-155,,0.1,,41.4
72,-155,,0.16,,60.0
72,-155,,0.13,,0.0
72,-155,,0.08,,19.4
72,-155,,0.5,,34.3
72,-155,,0.32,,51.8
72,-155,,0.00982315021080445,,0.0
72,-155,,0.0014304052320167123,,25.0
72,-155,,0.16,,48.7
72,-155,,0.006363879336759778,,69.0
72,-156,,0.003104453936817511,,0.0
72,-156,,0.00013068134320375242,,16.9
72,-156,,0.16,,34.5
72,-156,,0.32,,54.0
72,-156,,0.005144058254882648,,0.0
72,-156,,1.0,,12.0
72,-156,,1.0,,28.1
72,-156,,0.16,,45.0
72,-154,,0.008493991646902581,,0.0
72,-154,,0.0006509562415328799,,19.8
72,-154,,0.0016123888998567457,,39.9
72,-154,,0.005562151912815574,,62.7
72,-156,,0.5,,0.0
72,-156,,0.2,,17.8
72,-156,,0.0009823832391765465,,39.9
72,-156,,0.08,,66.1
73,-158,,0.007414370243392391,,0.0
73,-158,,0.00904740270676101,,29.6
73,-158,,0.006190941178379024,,60.6
73,-158,,0.0026423219875174207,,82.2
73,-162,,0.009915879324272901,,0.0
73,-162,,0.002039223863718848,,19.7
73,-162,,0.00934371349777057,,45.8
73,-162,,0.007226937626808842,,71.3
73,-161,,0.16,,0.0
73,-161,,0.0035310902063929407,,20.3
73,-161,,0.1,,44.7
73,-161,,0.00491382570958827,,71.6
73,-160,,0.009824829795349547,,0.0
73,-160,,0.08,,24.6
73,-160,,0.007247156149083785,,57.1
73,-160,,0.004612012607744402,,90.2
74,-167,,0.00409454677907664,,0.0
74,-167,,0.008388296533566908,,27.7
74,-167,,0.0012182798084281986,,57.0
74,-167,,0.007514087474879979,,87.3
32,127,0.0,0.008729831801276814,0.0018505367674533854,0.0
33,126,0.0076510366899261665,0.0013842154572294187,0.003702027588795966,0.0
33,125,0.02,0.003916005493243957,0.0067956323444599495,0.0
32,125,0.00305413369390241,0.008750238513581587,0.006945295193472746,0.0
32,126,0.0024484560578171962,0.005630363581489335,0.0034141954742412783,0.0
31,126,0.0,0.0033711736430212507,0.0028738084214647375,0.0
31,126,0.0002980917982455828,0.002819254872884593,0.00890013910682483,0.0
33,139,0.01,0.84,0.19,5.0
31,139,0.0,0.76,0.2,5.0
31,133,0.01,1.07,0.17,0.0
31,133,0.01,1.36,0.21,5.0
32,132,0.01,2.46,0.23,0.0
30,130,0.0,0.37,0.49,0.0
30,129,0.02,0.32,0.59,0.0
30,128,0.0,0.009356248462242688,0.007581418918527202,0.0
31,128,0.0,0.0049387133261739645,0.0014868977701847173,0.0
32,126,0.0,0.007833891978069957,0.008377524278340459,0.0
30,127,0.0,0.0026963022201821557,0.009480800199485936,0.0
30,127,0.0,0.27,0.46,0.0
29,128,0.0,0.29,0.76,0.0
29,128,0.0,1.07,0.24,0.0
25,123,0.0,16.5,0.65,0.0
26,126,0.0,1.47,0.8,0.0
27,126,0.0,16.74,0.82,0.0
27,125,0.01,13.69,0.48,0.0
29,126,0.0,0.004995176234882561,0.0011192716316254514,0.0
29,126,0.02,0.006988549412548848,0.12,0.0
29,127,0.01,0.5,0.15,0.0
29,127,0.0,0.69,0.0008533924586568535,0.0
28,127,0.0,0.007194929581749165,0.0067572606627665675,0.0
28,127,0.0,0.77,0.26,0.0
28,128,0.0,2.03,0.15,0.0
29,131,0.0,9.45,0.0032629708771561286,0.0
29,131,0.01,0.0028925481053130014,0.0022805498628995415,0.0
30,129,0.009069444148073952,0.006515812828081228,0.002772952708947795,0.0
31,129,0.009653825949328634,0.00011054657526897611,0.008974974333157065,0.0
32,129,0.0,0.003492891091444363,0.0009377544075999077,5.0
33,130,0.0,0.004765914870032031,0.005906197951347932,2.5
33,129,0.01,0.13,0.00522672571111868,2.5
32,129,0.0,0.14,0.004091552086869677,0.0
32,129,0.0,0.008709685900416557,0.003253698252448205,0.0
32,128,0.0001375196845479626,0.009802406998237485,0.0003902927393127087,0.0
32,128,0.0,0.005992434646187527,0.002746295400043096,0.0
32,129,0.0,0.009862901175717068,0.0038982285996573577,2.5
32,129,0.01,0.004960838654128857,0.39,0.0
32,129,0.01,0.0024005149667216917,0.35,2.5
-18,160,0.007153390094309958,0.006639296630537486,0.00017974456769951838,0.0
-18,160,4748.5,0.008020483077348595,409.33,5.0
-18,160,1644.4,0.0034205658103315818,165.47,9.0
-18,160,2105.23,0.00792417450757418,444.92,16.0
-18,160,664.31,0.93,889.0,35.0
-18,160,1.53,27.3,2.15,70.0
-18,160,0.009473447853620403,0.00783370190265268,0.53,105.0
-19,162,0.00013982231853054694,0.003992462828565581,0.0015768111559747219,0.0
-19,162,321.17,0.0016884431047880545,225.39,5.0
-19,162,762.75,0.003683019696521409,139.83,9.0
-19,162,0.005382729198104303,0.001693299800587321,68.54,15.0
-19,162,0.00187911486944067,0.2,143.68,36.0
-19,162,13.76,4.97,1.62,70.0
-19,162,1.88,0.00412593730364437,1.61,105.0
-20,165,0.006835654095968714,0.008210759525934003,0.009817342040235823,0.0
-20,165,9413.54,0.004289680852212293,37.57,5.0
-20,165,8850.35,0.007859878772019319,27.24,9.0
-20,165,9.97,0.006093891690876638,1.35,16.0
-20,165,0.00387536682734114,0.0033537240874096704,14.79,35.0
-20,165,11.47,0.24,0.64,70.0
-20,165,11.66,0.00078403680717248,0.55,105.0
-19,165,0.009591842594810893,0.005148341952944721,0.0038790613451514227,0.0
-19,165,65.66,0.009298399319096574,0.004448388118203242,4.0
-19,165,1130.32,0.009126114840158545,0.007880351168507368,9.0
-19,165,776.62,0.0049828953940346775,0.009662541264033993,16.0
-19,165,645.19,0.005618984406204812,0.11,35.0
-19,165,55.64,0.006666951756862304,0.24,70.0
-19,165,5.58,0.008459930763124637,0.0037245913057926787,105.0
-20,168,0.005942789608869606,0.00816163739831171,0.0002358459608948829,0.0
-20,168,100.27,0.01,0.37,5.0
-20,168,228.21,0.0020309129850461967,0.51,10.0
-20,168,437.39,0.15,0.74,15.0
-20,168,229.53,12.23,3.31,35.0
-20,168,4.24,0.26,0.17,70.0
-20,168,0.94,0.003694524629526106,0.0029039028245060865,105.0
-22,170,518.77,0.005342995941123784,22.82,0.0
-22,170,420.2,0.009748551061062259,7.47,5.0
-22,170,895.1,0.004939421572847383,18.99,10.0
-22,170,740.17,0.007031765460051444,8.75,16.0
-22,170,346.36,0.97,6.8,35.0
-22,170,6.68,0.0005448079002897139,0.59,70.0
-22,170,0.004160867037019682,0.04,0.48,105.0
-21,172,268.53,0.008338567753511933,2166.61,0.0
-21,172,655.53,0.009766223045665061,1167.44,5.0
-21,172,502.04,0.003533118863213146,1966.46,10.0
-21,172,69.93,0.01,2337.85,16.0
-21,172,36.04,2.53,241.05,35.0
-21,172,5.73,40.18,3.57,70.0
-21,172,0.42,0.009699090905965005,3.22,105.0
-21,174,276.24,0.0020642077596117643,2783.69,0.0
-21,174,302.43,0.005683250530272194,1578.78,5.0
-21,174,370.07,0.0036172360327733875,2369.02,12.0
-21,174,57.98,0.0023391290990478356,290.88,21.0
-21,174,17.83,2.49,72.52,45.0
-21,174,1.59,0.2,1.43,90.0
-21,174,0.22,0.004247865810301481,1.06,119.0
-21,176,0.0010110255968616543,0.15,8.27,0.0
-21,176,3585.83,0.009289841595864755,2.91,4.0
-21,176,1946.09,0.007576868564978544,4.27,12.0
-21,176,282.65,0.8,9.11,21.0
-21,176,193.41,139.57,176.76,45.0
-21,176,5.88,11.41,0.85,90.0
-21,176,1.31,0.005116721834934715,0.31,135.0
-21,179,0.007130797578256545,0.12,163.65,0.0
-21,179,0.004997341716196579,0.05,160.22,5.0
-21,179,0.008423199220760952,0.06,227.33,12.0
-21,179,0.009607816618968602,0.36,127.74,21.0
-21,179,0.00837069575015976,8.9,163.51,45.0
-21,179,0.0031117022453706067,2.49,5.01,90.0
-21,179,0.0012369306288232025,0.3,2.12,131.0
-20,-179,910.51,0.006927206984744956,1.14,0.0
-20,-179,903.43,0.005794191815949299,0.76,5.0
-20,-179,711.04,0.005168182092992772,1.05,12.0
-20,-179,397.02,0.006992819355190801,0.71,21.0
-20,-179,127.08,1.78,18.42,45.0
-20,-179,0.98,1.63,0.31,90.0
-20,-179,0.00394672413000535,0.00014180896443038125,0.28,133.0
-20,-176,170.75,0.007226789414557849,13.04,0.0
-20,-176,508.74,0.004064835641694497,32.91,5.0
-20,-176,267.36,0.0009523508803146122,10.24,12.0
-20,-176,350.02,0.02,34.41,21.0
-20,-176,28.96,0.51,106.57,44.0
-20,-176,0.31,0.55,0.27,90.0
-20,-176,0.55,0.004654889181776673,0.19,135.0
-20,-173,129.71,0.0013586406173838102,115.09,0.0
-20,-173,72.88,0.005888915913462147,129.9,4.0
-20,-173,175.79,0.00028170902012292394,108.8,11.0
-20,-173,459.15,0.04,377.47,19.0
-20,-173,294.7,36.42,212.71,45.0
-20,-173,0.001271002636224523,0.11,0.32,85.0
-20,-173,0.0005932548185618967,0.005375761476210051,0.21,128.0
-18,-171,288.96,0.004091977182663914,0.58,0.0
-18,-171,189.37,0.008866942171968326,0.25,5.0
-18,-171,292.95,0.0015594883923575418,1.35,7.0
-18,-171,493.29,0.002951488128818628,1.53,12.0
-18,-171,502.54,0.00948770381428641,1.78,27.0
-18,-171,10.46,0.01,0.13,56.0
-18,-171,0.68,0.0031036868495988154,0.11,82.0
-18,-169,0.0070325489117762895,0.0039496646191421675,0.00578967170177819,0.0
-18,-169,6.41,0.008207622749867733,9.1,5.0
-18,-169,51.42,0.006931635758228765,19.65,15.0
-18,-169,14.18,0.009978367522766532,9.24,25.0
-18,-169,0.0022757001829081863,0.006978884517325933,0.33,45.0
-18,-169,0.007184975337891615,0.004588860151734968,0.18,65.0
-18,-169,0.008544870516175281,0.0022884267615773156,0.18,85.0
-18,-166,0.003933115489118363,0.008122220012508152,4.2,0.0
-18,-166,0.0058196069030520044,0.009124651692006741,3.64,6.0
-18,-166,0.000492742362056044,0.006596753724908734,1.76,16.0
-18,-166,0.00344464069281042,0.006655268819265925,1.95,27.0
-18,-166,0.74,117.31,578.55,60.0
-18,-166,0.009863056367598239,0.006051700553290929,0.34,120.0
-18,-166,0.0003271714930747887,0.006723397110998656,0.008917332094477329,180.0
-18,-163,0.0075049120035494635,0.00700559545752044,0.35,0.0
-18,-163,0.007536724697903944,0.004288260888531953,0.007099663197313213,5.0
-18,-163,0.0009292904196577037,0.0038030136371985787,0.0019857753144003724,15.0
-18,-163,0.004063474602722611,0.008563185417713119,0.25,25.0
-18,-163,0.004263120599342252,0.004177014157942933,0.0032350283732354547,56.0
-18,-163,0.004232942584183171,0.0068580881645577026,0.18,110.0
-18,-163,0.008811857545623372,0.006355296572068744,0.008763088442447903,165.0
-18,-160,0.004901557751883289,0.0018477557748391611,0.18,0.0
-18,-160,0.006926169812788491,0.004405414402689522,0.12,6.0
-18,-160,0.006741146250086533,0.005822168412598434,0.0007665844027437488,16.0
-18,-160,0.0013384618109388222,0.00210457935458366,0.47,26.0
-18,-160,0.007392799389818247,0.009749227686442746,0.0009503415367906731,58.0
-18,-160,0.002549989134321042,0.008679554999325859,0.000698302116191013,116.0
-18,-160,0.00013612325117831614,0.00014779569284154893,0.009482202065850433,174.0
-9,-137,0.0,0.027,0.0,5.0
-12,-134,0.0,0.0,0.0,5.0
-13,-132,0.0,0.0,0.0,70.0
-15,-130,0.0,0.0,0.0,5.0
-17,-128,0.0,0.0,0.0,5.0
-20,-123,0.0,,0.0,5.0
-22,-122,0.0,0.0,0.0,5.0
-26,-114,0.0,0.184,0.0,5.0
-28,-105,0.0,,0.0,5.0
-30,-102,0.0,0.0,0.0,5.0
-30,-99,,0.0,,5.0
-31,-96,0.0,0.0,0.0,5.0
-32,-91,0.0,0.0,0.0,5.0
23,-158,7.638,0.1937,,5.0
23,-158,2.9866,186.371,1.6339,25.0
23,-158,1.0763,111.2326,2.0105,45.0
23,-158,2.5366,55.7596,3.377,75.0
23,-158,0.0121,6.9798,0.2615,100.0
23,-158,,0.1403,0.0352,125.0
23,-158,,0.421,0.01,150.0
23,-158,,0.1983,0.0364,175.0
23,-158,,,0.01,200.0
23,-158,16.0651,93.4519,36.2096,5.0
23,-158,8.1614,93.4519,44.3669,25.0
23,-158,1.5013,7.627,873.3262,45.0
23,-158,1.403,7.1276,362.0958,75.0
23,-158,,1.7191,1.3111,100.0
23,-158,66.6085,387.4675,0.0444,5.0
23,-158,150.1311,210.6345,0.1501,25.0
23,-158,25.8086,131.1134,0.2106,45.0
23,-158,5.8171,21.0634,,75.0
23,-158,2.1063,29.5521,,100.0
23,-158,0.1225,0.6225,,125.0
23,-158,,0.8161,,150.0
23,-158,0.8808,99.3975,4.5034,25.0
23,-158,671.0759,53.0163,17.4369,25.0
23,-158,2387.5515,721.5521,0.1944,25.0
23,-158,24.7572,109.4889,1.4812,25.0
23,-158,7.7583,90.2362,177.5595,25.0
23,-158,17.2274,45.8582,114.9125,25.0
23,-158,1602.2283,186.3551,21.1573,25.0
23,-158,151.7408,875.5022,1.5545,25.0
23,-158,57.004,1490.1444,1.1082,25.0
23,-158,59.109,120.6049,0.8702,25.0
23,-158,1.6315,74.3689,67.5144,25.0
23,-158,10.7522,32.6916,104.3212,25.0
23,-158,6.019,249.0723,9.7612,25.0
23,-158,804.4736,687.4963,1.3446,25.0
22,-158,661.9624,1.9201,6.014,5.0
22,-158,97.63,17.0314,1.5179,5.0
23,-158,197.6211,578.762,1.3725,5.0
23,-158,211.3489,7.3564,4.9166,5.0
23,-158,285.9236,11.7715,10.6435,5.0
23,-158,473.1513,57.0493,21.5443,5.0
23,-158,1.0491,374.0388,0.3831,5.0
23,-158,97.63,45.099,15.9251,5.0
7,-51,0.39,0.97,2.3,70.0
7,-51,1.6,0.41,2.5,60.0
7,-51,1.3,1.4,1.4,50.0
7,-51,93.0,6.5,1.0,30.0
7,-51,130.0,5.2,9.1,20.0
7,-51,51.0,1.7,9.7,10.0
10,-55,0.46,0.01,0.19,60.0
10,-55,0.13,0.21,0.55,40.0
10,-55,0.2,0.055,0.35,30.0
10,-55,3.8,0.01,1.8,20.0
10,-55,39.0,0.11,2.2,10.0
10,-55,17.0,0.012,4.9,0.0
11,-56,0.0,0.027,0.01,90.0
11,-56,0.0,0.48,0.01,75.0
11,-56,0.0,0.0,0.01,50.0
11,-56,1.3,3.3,2.5,30.0
11,-56,0.093,2.6,0.0,13.0
8,-54,0.0,0.16,0.01,90.0
8,-54,0.074,1.3,0.31,65.0
8,-54,1.9,1.1,0.27,45.0
8,-54,3.8,0.0,0.0,30.0
8,-54,0.0,0.76,0.043,15.0
8,-54,0.0,0.0,0.0,0.0
11,-54,0.01,0.0,0.01,88.0
11,-54,2.2,0.0,3.8,70.0
11,-54,7.7,0.16,1.6,60.0
11,-54,0.2,0.01,3.0,45.0
11,-54,36.0,0.01,0.0,25.0
11,-54,14.0,0.1,0.34,10.0
11,-52,0.0,0.01,0.0,110.0
11,-52,0.0,14.0,0.0,90.0
11,-52,3.0,190.0,0.01,75.0
11,-52,0.58,220.0,0.21,50.0
11,-52,2.3,260.0,0.13,35.0
11,-52,0.0,0.01,0.01,20.0
11,-50,0.0,0.0,0.0,90.0
11,-50,0.28,0.1,0.21,70.0
11,-50,2.7,11.0,8.1,50.0
11,-50,44.0,6.0,13.0,35.0
11,-50,140.0,7.8,6.5,15.0
11,-50,1400.0,15.0,15.0,5.0
10,-48,4.6,40.0,11.0,75.0
10,-48,420.0,93.0,1300.0,45.0
10,-48,220.0,74.0,660.0,30.0
10,-48,2000.0,230.0,490.0,15.0
10,-48,81.0,12.0,260.0,5.0
9,-56,0.0,0.0,0.0,80.0
9,-56,0.0,0.0,0.01,65.0
9,-56,0.0,0.01,0.01,45.0
9,-56,0.0,0.0,0.01,25.0
9,-56,0.0,0.0,0.0,10.0
9,-56,11.0,0.0,0.0,0.0
11,-55,3.7,0.01,0.01,70.0
11,-55,2.1,0.0,0.0,45.0
11,-55,26.0,0.47,0.18,30.0
11,-55,55.0,1.4,0.15,15.0
11,-54,0.0,0.01,0.24,15.0
11,-52,0.0,0.0,0.0,10.0
7,-50,0.0,0.056,0.55,20.0
9,-52,0.25,3.4,0.68,0.0
13,-56,39.0,0.0,2.9,5.0
8,-55,0.0,0.0,0.0,10.0
10,-56,0.49,0.01,0.01,10.0
12,-56,0.17,0.15,13.0,20.0
8,-54,0.64,0.0,0.0,0.0
10,-57,0.093,0.15,0.0,5.0
34,-129,,7.2736,0.0184,10.0
34,-129,,4.5158,0.3395,20.0
34,-129,,10.3044,1.5823,40.0
34,-129,,5.7667,0.1871,60.0
34,-129,,0.122,0.0,80.0
34,-129,,0.0,0.3569,100.0
35,29,100.0,,,40.0
35,29,1000.0,,,60.0
35,29,0.0,,,80.0
35,29,0.0,,,20.0
35,29,0.0,,,100.0
35,29,0.0,,,0.0
2,6,21.0,0.0,0.01,1.0
2,6,,0.0,0.0,40.0
0,6,0.46,11.0,0.01,1.0
0,6,3.81,0.42,0.0,38.0
-2,8,0.0,12.0,0.0,0.0
-6,8,8.0,0.01,0.0,2.0
-6,8,0.083,0.0,0.0,29.0
-6,6,25.0,0.7,0.0,0.0
-5,2,14.0,0.0,0.0,0.0
-5,2,0.0,0.0,0.0,39.0
-2,2,0.37,9.5,0.01,0.0
-2,2,0.037,7.2,0.0,39.0
1,2,17.0,17.0,0.2,0.0
1,2,2.1,5.9,0.038,17.0
1,2,0.012,0.0,0.01,36.0
4,2,46.0,0.0,2.0,1.0
4,2,2.1,0.01,5.2,20.0
4,2,6.7,4.5,0.33,39.0
5,2,61.0,0.0,3.2,1.0
5,2,31.0,0.01,0.9,18.0
25,-109,0.035,0.0,0.0,50.0
25,-109,,0.0,1.0,35.0
25,-109,,0.0,1.0,25.0
25,-109,0.0,0.0,1.0,15.0
25,-109,3.13,0.0,1.0,5.0
25,-109,438.0,0.0,1.0,0.0
21,-107,,0.0,0.0,55.0
21,-107,4.21,0.0,1.0,40.0
21,-107,0.533,0.0,1.0,30.0
21,-107,6.45,0.0,0.0,23.0
21,-107,6.76,0.0,0.0,17.0
21,-107,15.6,0.0,0.0,10.0
21,-107,24.8,0.0,0.0,6.0
27,-110,,,1.0,75.0
27,-110,0.0,0.0,0.0,35.0
27,-110,6.21,0.0,1.0,25.0
27,-110,,,0.0,15.0
27,-110,,0.0,0.0,5.0
27,-110,,0.0,0.0,0.0
25,-109,0.0,,0.0,50.0
25,-109,,,0.0,35.0
25,-109,9.75,,0.0,25.0
25,-109,6.18,,0.0,15.0
25,-109,3.0,,0.0,5.0
25,-109,6.03,,0.0,0.0
21,115,4.9239,1.5531,1.0789,0.0
21,115,14.251,1.5531,1.5531,25.0
21,115,0.4083,0.01,0.01,50.0
21,115,1.4616,0.01,0.01,75.0
21,115,,0.01,0.01,100.0
21,115,,0.01,,125.0
21,115,,0.01,,150.0
20,116,6.2777,0.9555,1.1464,0.0
20,116,9.8993,1.3755,1.0153,25.0
20,116,29.5345,134.7939,0.01,50.0
20,116,1.8635,0.8462,0.01,75.0
20,116,1.3755,1.1464,0.01,100.0
20,116,0.01,0.8992,,125.0
20,116,32.3512,0.01,,150.0
19,117,12.6211,2.0412,2.7654,0.0
19,117,19.307,15.6101,6.4713,25.0
19,117,0.505,0.01,0.01,50.0
19,117,0.01,0.01,0.01,75.0
19,117,0.01,0.01,0.01,100.0
19,117,0.01,0.01,,125.0
19,117,0.01,0.01,,150.0
18,118,7.307,0.7963,5.0757,0.0
18,118,22.4723,0.2364,3.4203,25.0
18,118,21.8003,0.01,0.01,50.0
18,118,6.6708,0.01,0.01,75.0
18,118,1095.369,0.01,0.01,100.0
18,118,134.7939,0.01,,125.0
18,118,119.3777,0.01,,150.0
11,-57,1.1542,0.7993,0.0,5.0
11,-57,0.696,0.0,0.0,80.0
11,-56,1.2985,0.0,0.0,5.0
11,-56,0.0,61.7131,0.0,80.0
11,-54,66.9101,0.0,0.0,5.0
11,-54,0.0,0.4263,0.0,80.0
10,-51,452.6267,0.3383,0.0,5.0
10,-51,0.5502,0.0,0.0,60.0
10,-50,4.7018,0.0,0.0,5.0
10,-48,1.1725,0.0,0.0,5.0
10,-44,0.3213,0.0,0.0,5.0
10,-44,0.2299,0.5827,0.0,50.0
10,-41,1.0729,0.465,0.0,5.0
10,-41,0.0,0.306,0.0,40.0
10,-39,8.423,0.0,0.0,5.0
10,-39,0.0,0.0,0.0,60.0
10,-36,1.5552,0.0,0.0,5.0
10,-36,0.3784,0.126,0.0,60.0
10,-35,698.12,0.88,0.7013,5.0
10,-33,1048.8257,0.799,0.0,5.0
10,-33,1.8582,0.1978,0.0,40.0
10,-32,1.7513,0.0,0.0,5.0
10,-30,1.3669,11.4733,0.0,5.0
10,-30,0.0,0.112,0.0,60.0
10,-28,1.06,0.0,0.0,5.0
10,-28,0.1393,0.0,0.0,60.0
0,-26,0.1093,0.0,0.0,5.0
0,-26,0.1427,0.0,0.0,80.0
0,-25,0.0933,0.3347,0.0,5.0
0,-25,0.0,0.0,0.0,60.0
0,-24,0.0,0.0,0.0,5.0
0,-24,0.0753,0.0,0.0,60.0
2,-24,0.1787,0.0,0.0,5.0
2,-24,3.0541,0.0,0.0,80.0
5,-24,0.359,0.0,0.0,5.0
5,-24,0.1493,0.0,0.0,60.0
5,-24,0.0556,0.0,0.0,100.0
8,-25,0.6376,0.0,0.0,5.0
8,-25,0.1407,0.0,0.0,60.0
11,-22,0.1287,0.0,0.0,5.0
11,-22,0.2613,0.178,0.0,40.0
11,-22,0.0532,0.0,0.0,80.0
12,-19,0.1827,0.0,0.0,5.0
12,-19,0.0,0.0,0.0,60.0
12,-19,0.0568,0.0488,0.39,80.0
12,-18,0.1347,0.248,0.0,35.0
12,-18,0.106,0.0,0.0,70.0
10,-17,0.8713,0.0,0.0,5.0
10,-17,0.3593,0.566,0.0,40.0
11,-20,0.2513,0.0,0.0,5.0
11,-20,0.36,0.0,0.0,55.0
11,-20,0.2356,0.0,0.0,70.0
11,-20,2.5023,0.89,0.0,5.0
11,-20,0.9469,0.0,0.0,40.0
11,-20,0.1979,0.1742,0.0,60.0
8,-18,0.4537,0.1073,0.0,5.0
8,-18,0.0,0.0,0.0,45.0
8,-18,2.3952,0.546,0.0,60.0
4,-24,872.8636,0.896,2.3912,5.0
11,-18,398.6573,0.0,0.0,5.0
6,-16,55.5147,0.0,0.0,5.0
22,-63,0.3633,0.0,0.0,5.0
22,-63,0.3927,0.0,0.0,140.0
22,-63,0.732,0.0,0.0,160.0
23,-64,1.5837,0.0,0.0,5.0
23,-64,1.1947,0.0,0.0,110.0
23,-64,0.476,0.0,0.0,140.0
26,-66,0.0,0.0,0.0,5.0
26,-66,0.0,0.0,0.0,120.0
26,-66,0.0,0.0,0.0,140.0
30,-61,0.0,0.0,0.0,5.0
30,-61,0.0,0.0,0.0,60.0
30,-61,0.0,0.0,0.0,120.0
30,-61,0.0,0.0,0.0,170.0
28,-54,0.0,0.0,0.0,5.0
28,-54,0.0,0.0,0.0,100.0
28,-54,0.0,0.0,0.0,145.0
39,-44,0.0,0.0,0.0,5.0
39,-44,0.0,0.0,0.0,50.0
39,-44,0.0,0.0,0.0,105.0
39,-44,0.0,0.0,0.0,200.0
42,-43,0.0,0.0,0.0,5.0
42,-43,0.0,0.0,0.0,45.0
42,-43,0.0,0.0,0.0,100.0
33,-41,0.0,0.0,0.0,5.0
33,-41,0.238,0.0,0.0,72.0
33,-41,0.0,0.0,0.0,135.0
33,-41,0.0,0.0,0.0,165.0
34,-31,0.0,0.2513,0.0,5.0
34,-31,0.0,0.0,0.0,60.0
34,-31,0.0,0.0,0.0,160.0
34,-30,0.0,0.0,0.0,5.0
34,-30,0.0,0.0,0.0,65.0
34,-30,0.0,0.0,0.0,150.0
33,-29,0.0,0.0,0.0,5.0
33,-29,0.0,0.1987,0.0,60.0
33,-29,0.0,0.0,0.0,140.0
31,-27,0.0,10.8245,0.0,5.0
31,-27,1.1973,2.364,0.0,110.0
31,-27,0.0,0.0,0.0,160.0
34,-25,0.0,3.3393,0.0,5.0
34,-25,0.0,0.0,0.0,50.0
34,-25,0.0,1.9,0.0,70.0
34,-25,0.0,1.2533,0.0,110.0
38,-13,0.0,0.0,0.0,5.0
38,-13,0.0,0.0,0.0,25.0
38,-13,0.0,0.0,0.0,95.0
38,-13,0.0,0.0,0.0,125.0
28,-24,0.1833,74.8333,0.0,10.0
26,-26,0.156,5.559,0.0,10.0
23,-27,0.2295,323.9185,1.6725,30.0
20,-29,0.247,294.7605,0.0,30.0
18,-30,2.664,295.6415,2.969,20.0
18,-30,4.0006,942.5468,0.8694,20.0
20,-30,0.7867,404.1154,0.3569,20.0
23,-30,1.6292,471.7269,1.9869,20.0
26,-30,0.4825,27.3935,0.0,20.0
29,-30,0.0935,1.3365,0.0115,20.0
29,-30,0.283,383.943,0.0,40.0
29,-30,0.0,0.0694,0.0,80.0
2,-35,2.0163,0.3051,0.0,7.0
2,-35,16.5422,102.1566,154.9705,7.0
3,-35,4.2839,34.4906,38.8956,7.0
6,-35,8.599,14.985,21.4367,7.0
7,-35,0.8683,0.1108,0.1368,100.0
8,-35,164.9881,8.5135,0.5603,7.0
9,-35,124.1188,167.5758,13.7997,7.0
7,-34,66.3272,21.9181,5.0338,7.0
6,-33,8.3776,24.5286,111.308,7.0
8,-38,549.5943,3.5126,2.4007,7.0
8,-40,657.5715,6.3336,2.4375,7.0
10,-41,56.0795,11.1396,36.7631,7.0
11,-42,334.6527,3.0077,18.5561,7.0
12,-44,98.5581,0.1272,33.0571,7.0
13,-45,5.5155,2.7715,12.236,7.0
15,-45,23.3095,2.086,9.738,7.0
15,-46,8.121,1.188,0.5425,7.0
15,-47,119.928,0.7705,1.0495,7.0
15,-49,1.226,0.656,0.3245,100.0
15,-51,0.7215,0.535,0.3305,7.0
0,67,,,320.5919,10.0
0,67,,,377.9285,25.0
0,67,,,12.459,50.0
0,67,,,0.0,80.0
0,67,,,0.0,100.0
0,67,,,0.0,150.0
4,67,,,19.4536,10.0
4,67,,,39.1257,25.0
4,67,,,8.7432,55.0
4,67,,,0.0,75.0
4,67,,,0.0,110.0
4,67,,,0.0,220.0
8,67,,,7.2131,10.0
8,67,,,23.8251,25.0
8,67,,,7.2131,50.0
8,67,,,0.0,75.0
8,67,,,0.0,100.0
8,67,,,0.0,150.0
26,57,,,8.306,0.0
26,57,,,23.1694,15.0
26,57,,,9.1803,25.0
26,57,,,0.0,50.0
26,57,,,0.0,70.0
26,57,,,0.0,95.0
12,110,1.1626,5.25,0.0,0.0
12,110,20.5794,,0.0,10.0
11,109,0.0764,0.0,0.0,5.0
11,109,0.2684,,0.0,50.0
11,109,0.5337,0.0,,5.0
11,109,8.6209,0.0,,35.0
11,108,0.4851,0.0,0.0,5.0
11,108,19.7117,0.0,0.0,28.0
10,108,2.393,0.0,0.0,5.0
10,108,3.8558,0.0,,26.0
10,108,,0.0,,5.0
10,108,,0.0,0.0,25.0
10,108,75.6702,0.0,2.6213,5.0
10,108,0.528,0.0,0.0,20.0
10,107,,0.0,0.0,5.0
10,107,,,0.0,25.0
10,107,,0.0,0.0,5.0
10,107,,0.0,0.0,20.0
10,107,12.6368,0.0,2.3332,5.0
9,106,,0.0,,5.0
9,106,,0.0,0.0,20.0
10,107,7.2609,0.9087,,5.0
10,107,0.4189,0.0,0.0,20.0
11,108,1.9546,0.0,,5.0
11,108,0.8685,0.0,,20.0
10,109,227.5081,0.0,0.0,5.0
10,109,,0.0,,68.0
10,109,65.3413,0.0,0.154,0.0
10,109,77.0854,0.0,1.7173,20.0
10,109,316.0038,0.8018,,40.0
10,109,3.002,0.0,,75.0
11,109,12.4866,0.0,,0.0
11,109,16.0872,0.0,,20.0
10,109,590.4711,0.0,0.5155,0.0
10,109,82.843,0.0,,20.0
10,109,4.9526,0.0,1.9901,40.0
10,109,,0.0,0.0,65.0
10,109,,0.0,,100.0
10,109,,0.0,,120.0
10,110,99.7759,0.0,0.0,5.0
10,110,1.006,0.0,,88.0
10,110,0.697,0.0,,1144.0
11,110,26.5257,0.0,0.0297,5.0
11,110,2.2194,0.0,0.0,75.0
11,110,0.4342,0.0,0.0,280.0
11,110,117.5661,0.0,,5.0
11,110,3.1776,0.0,,65.0
11,110,19.6355,,,400.0
11,110,0.1266,0.0,0.0,1000.0
11,110,0.0141,0.0,0.0,1700.0
10,110,1.8013,,,0.0
10,110,0.5495,35.9388,,40.0
10,110,0.4564,0.0,,75.0
10,110,3.5866,0.0,0.0,100.0
10,110,,0.0,0.0,150.0
10,110,,0.0,0.0,200.0
10,110,,0.0,0.0,400.0
10,110,0.0256,,,1200.0
10,110,0.0461,0.0,0.0,1500.0
12,110,31.2711,0.0,0.0,5.0
12,110,6.1865,0.0,0.0,65.0
12,110,1.2959,0.0,0.0,126.0
11,110,10.3926,0.0,0.0,0.0
11,110,5.0375,0.0,0.0,20.0
11,110,0.0169,0.0,0.0,60.0
11,110,0.01,0.0,0.0,110.0
11,110,0.3609,0.0,0.0,210.0
11,110,2.3454,0.0,0.0,400.0
11,110,0.0334,,,600.0
-18,150,3.9189,11.7523,68.9972,30.0
-18,150,1.8288,3.8976,34.1482,15.0
-16,152,0.0,,98.9248,30.0
-16,152,1.5589,,109.9444,15.0
-15,155,26.663,0.01,116.8725,4.0
-15,155,49.9335,0.01,215.6386,15.0
-15,155,30.333,0.01,62.3915,29.0
-15,155,0.981,0.0975,1.804,50.0
-15,155,0.141,0.0145,0.272,71.0
-15,155,1.876,0.038,0.2355,89.0
-15,155,0.046,0.018,0.335,125.0
-15,155,0.0,0.0,0.1545,149.0
-18,156,0.0417,7.603,30.3038,4.0
-18,156,0.0614,46.832,35.917,15.0
-18,156,0.1181,194.258,36.0982,30.0
-18,156,0.8637,48.608,12.5909,50.0
-18,156,0.0,154.17,1.199,70.0
-18,156,0.0,0.062,0.2441,99.0
-18,156,0.0,0.01,0.133,125.0
-18,156,0.0,,0.3854,149.0
-20,157,2.1025,50.9276,166.8601,4.0
-20,157,0.1722,43.04,143.4113,16.0
-20,157,0.7226,43.02,217.0456,30.0
-20,157,2.0758,53.568,203.0806,50.0
-20,157,0.0,591.311,59.1627,71.0
-20,157,0.0,0.023,0.5153,100.0
-20,157,0.2896,0.012,0.3558,121.0
-20,157,0.0,0.016,0.324,150.0
-22,157,0.018,59.119,25.7663,5.0
-22,157,2.4693,66.787,123.0635,15.0
-22,157,0.0251,49.716,40.1485,31.0
-22,157,0.7424,717.604,29.6079,60.0
-22,157,0.0,0.787,0.3805,80.0
-22,157,0.0,0.038,0.1869,95.0
-22,157,0.0,0.031,0.4016,125.0
-22,157,0.0,0.013,0.222,149.0
-25,158,0.0,365.403,12.3494,5.0
-25,158,1.483,314.115,7.3077,15.0
-25,158,2.077,401.099,12.8943,30.0
-25,158,0.0,252.201,4.2913,50.0
-25,158,0.0291,0.426,0.79,70.0
-25,158,0.0,0.014,0.11,96.0
-25,158,0.0,0.022,0.074,125.0
-25,158,0.0,0.031,0.306,151.0
-28,159,0.0,495.449,7.8287,5.0
-28,159,5.9686,473.281,12.125,15.0
-28,159,0.4918,557.817,9.5983,30.0
-28,159,1.14,293.036,8.4124,51.0
-28,159,,367.851,0.2262,75.0
-28,159,0.0,0.092,0.2817,110.0
-28,159,0.0,0.126,0.161,125.0
-28,159,0.01,0.08,0.1012,150.0
-30,160,0.1235,878.576,1.547,5.0
-30,160,1.705,1078.165,0.904,15.0
-30,160,14.2405,1640.1405,0.937,30.0
-30,160,1.5855,1852.388,1.3215,49.0
-30,160,0.0,0.767,0.1145,70.0
-30,160,0.0,0.0665,0.148,98.0
-30,160,0.0,0.2505,0.379,125.0
-30,160,0.0,0.155,0.0249,149.0
-28,162,0.1346,909.545,33.2278,5.0
-28,162,0.0,593.136,29.6838,15.0
-28,162,8.6183,2008.5007,42.5454,30.0
-28,162,0.0,651.887,11.4197,50.0
-28,162,0.0,208.39,1.0962,75.0
-28,162,0.0,0.273,0.5651,105.0
-28,162,0.1347,0.403,5.5627,150.0
-25,164,0.088,361.554,24.3169,5.0
-25,164,29.2403,414.256,13.5154,15.0
-25,164,12.3426,1019.1565,25.8166,30.0
-25,164,0.02,40.551,3.3246,60.0
-25,164,0.0414,0.09,0.8769,80.0
-25,164,0.0,0.05,0.2428,115.0
-25,164,0.01,0.04,0.1187,149.0
-23,166,0.5157,111.644,3.6414,5.0
-23,166,75.125,204.141,2.2261,15.0
-23,166,21.2858,363.3736,2.0322,30.0
-23,166,0.01,4.361,47.7524,51.0
-23,166,0.01,0.229,2.0762,75.0
-23,166,,0.043,1.4693,100.0
-23,166,,0.012,0.2309,124.0
-23,166,,0.042,1.0372,150.0
-23,170,6.3629,0.085,0.2339,149.0
-23,170,,0.01,0.01,125.0
-23,170,0.435,0.01,1.1066,99.0
-23,170,0.2174,0.01,1.3471,81.0
-23,170,15.0413,104.8453,10.1518,49.0
-23,170,45.8798,340.0926,11.485,30.0
-23,170,169.3839,278.6144,33.3394,16.0
-23,170,477.6064,131.871,9.8911,6.0
-22,174,0.0,0.01,0.0736,129.0
-22,174,0.4048,0.01,0.0696,112.0
-22,174,0.01,0.35,0.4984,91.0
-22,174,8.8553,110.3088,1.973,69.0
-22,174,68.4995,260.5735,16.2448,30.0
-22,174,463.0935,5.68,30.3345,15.0
-22,174,1095.7099,4.3132,115.2697,5.0
-22,178,0.01,0.0,0.088,149.0
-22,178,0.01,0.0,0.141,126.0
-22,178,0.1191,0.01,0.1542,96.0
-22,178,0.3561,0.7216,0.4716,75.0
-22,178,22.2347,384.3453,12.6535,51.0
-22,178,181.8641,0.8622,153.1424,29.0
-22,178,413.8626,1.4962,143.06,15.0
-22,178,234.4896,0.0825,40.1936,5.0
-21,-178,0.01,0.0,0.01,150.0
-21,-178,,0.0,0.01,123.0
-21,-178,,0.0,0.01,100.0
-21,-178,0.1511,0.0,0.6396,62.0
-21,-178,1.9422,0.0571,3.4298,50.0
-21,-178,162.1653,0.0,4.8805,30.0
-21,-178,757.3086,0.0,5.5262,15.0
-21,-178,285.749,0.01,24.885,5.0
-20,-174,0.0,0.0,0.1427,148.0
-20,-174,0.0,0.0,0.1916,123.0
-20,-174,0.01,0.01,0.3918,100.0
-20,-174,0.4384,,,73.0
-20,-174,,0.01,1.1736,74.0
-20,-174,58.647,1.1753,5.7268,50.0
-20,-174,396.6829,0.3481,118.1655,30.0
-20,-174,946.4679,0.2931,184.2753,15.0
-20,-174,169.3869,0.01,60.56,5.0
-20,-170,0.01,0.0,0.01,150.0
-20,-170,0.01,0.0,0.5177,124.0
-20,-170,0.01,0.01,0.4587,101.0
-20,-170,0.0,0.01,1.4302,75.0
-20,-170,9.8816,9.0006,45.6445,52.0
-20,-170,0.1062,0.0,72.7975,30.0
-20,-170,0.1853,0.0,23.6331,15.0
-20,-170,0.3135,0.0,116.3809,6.0
-18,-170,0.01,0.01,0.9312,175.0
-18,-170,0.01,0.01,0.3287,152.0
-18,-170,0.0,0.01,0.2748,110.0
-18,-170,0.01,0.0,0.2237,75.0
-18,-170,0.0,0.0,0.01,49.0
-18,-170,0.0,0.0,0.3653,30.0
-18,-170,25.8978,0.0,281.2558,15.0
-18,-170,81.5911,0.0,1489.3079,5.0
-15,-170,3.7737,,9.9922,149.0
-15,-170,1.1377,0.0,10.0112,116.0
-15,-170,0.01,0.0,6.3453,95.0
-15,-170,1.2847,1.0657,52.04,75.0
-15,-170,162.9752,8.7292,287.1717,50.0
-15,-170,426.9179,0.0,387.8598,30.0
-15,-170,1980.5299,0.0,969.9337,15.0
-15,-170,1545.5758,0.01,288.2419,5.0
-15,-174,0.3435,0.0,1.4114,169.0
-15,-174,1.9527,0.0,2.6537,133.0
-15,-174,1.5186,0.0,4.7025,100.0
-15,-174,28.8871,1.5168,12.312,75.0
-15,-174,23.8342,0.0,122.7623,50.0
-15,-174,673.1643,0.0,241.6247,30.0
-15,-174,711.7492,0.0,98.2532,14.0
-15,-174,718.4595,0.0,438.2729,5.0
-15,-178,0.1178,0.01,2.8773,150.0
-15,-178,7.8376,0.0833,1.0376,127.0
-15,-178,0.01,11.3814,1.7453,99.0
-15,-178,2.7305,5.1409,211.4924,75.0
-15,-178,7.0883,0.0,468.6192,49.0
-15,-178,10.6556,0.0,107.6333,30.0
-15,-178,4.9715,0.0,62.1347,15.0
-15,-178,11.4906,0.01,385.2932,5.0
-15,179,0.4454,0.0,0.1419,150.0
-15,179,1.0512,0.0,0.231,120.0
-15,179,5.2163,0.119,0.8165,87.0
-15,179,1.357,0.0,0.9691,70.0
-15,179,19.1448,0.0,7.02,50.0
-15,179,412.0413,0.0,133.1156,31.0
-15,179,1938.4831,0.0,148.8161,15.0
-15,179,6266.8448,0.0,177.3726,5.0
-15,175,0.0518,0.0,1.2487,150.0
-15,175,0.0,0.0,0.3803,125.0
-15,175,0.0193,0.0,0.516,105.0
-15,175,14.2458,25.8014,27.3377,75.0
-15,175,415.875,0.0,228.6368,45.0
-15,175,,,7902.9256,37.0
-15,175,0.0488,0.0,14.7114,30.0
-15,175,0.1376,0.0,0.9356,16.0
-15,175,0.015,0.0,3.1359,6.0
-17,172,0.0,0.0,0.3483,150.0
-17,172,0.0126,0.0,0.7084,124.0
-17,172,0.0,0.0,0.1213,93.0
-17,172,4.81,56.3432,3.0965,66.0
-17,172,19.5392,62.4548,128.3195,41.0
-17,172,326.7922,1.7018,353.9392,30.0
-17,172,1522.5865,0.9094,257.7454,15.0
-17,172,577.2848,0.8421,172.0091,5.0
38,-75,2.65,17.2,0.01,2.0
38,-75,0.01,0.01,0.01,2.0
38,-75,0.01,623.0,0.01,2.0
38,-74,0.0,1630.0,0.01,2.0
38,-74,,54.0,0.01,2.0
37,-76,0.0,35000.0,,2.0
37,-75,0.0,25000.0,,2.0
37,-75,0.0,1200.0,0.01,2.0
37,-75,0.747,196.0,0.01,2.0
37,-75,127.0,11.0,0.01,2.0
37,-75,0.763,76.5,0.01,2.0
37,-76,0.0,19.3,0.01,2.0
37,-76,0.0,0.01,0.01,2.0
37,-76,0.0,25.2,0.01,2.0
37,-76,0.0,3.03,0.01,2.0
37,-76,0.0,28.4,0.01,2.0
40,-74,0.0,170.0,,2.0
40,-72,91.0,82.0,,2.0
41,-69,0.01,620.0,,2.0
41,-68,0.0,0.23,,2.0
41,-67,0.11,460.0,,2.0
42,-67,0.0,430.0,,2.0
42,-69,0.01,850.0,,2.0
30,-89,,,10300.0,1.0
30,-89,,,2630.0,1.0
30,-89,,,13354.8387,1.0
30,-89,,,7660.0,1.0
30,-89,,,4915.942,1.0
30,-89,,,21500.0,1.0
30,-89,,,15400.0,1.0
30,-89,,,23111.1111,1.0
30,-89,,,10846.1538,1.0
30,-89,,,898000.0,1.0
30,-89,,,217800.0,1.0
30,-89,,,265744.4444,1.0
30,-89,,,11860.0,1.0
30,-89,,,13806.4427,1.0
30,-89,,,34069.8413,1.0
30,-89,,,5211.0936,1.0
30,-89,,,7751.1111,1.0
30,-89,,,12931.1111,1.0
18,-23,0.0,130.0,0.01,5.0
17,-25,4.9,10.0,0.0,5.0
17,-25,0.0,1.4,0.0,5.0
17,-25,0.52,1.9,0.01,50.0
16,-24,0.63,0.0,0.0,5.0
16,-24,0.9,0.0,0.0,5.0
16,-24,2.5,0.0,0.0,5.0
16,-24,0.0,0.0,0.0,5.0
16,-24,0.01,0.0,0.0,5.0
16,-24,0.0,0.0,0.0,5.0
16,-24,0.0,0.0,0.0,5.0
18,-23,0.0,41.0,0.0,5.0
18,-23,0.01,73.0,1.5,5.0
18,-23,0.0,16.0,0.0,5.0
18,-23,0.0,0.01,0.0,5.0
18,-23,0.0,4.5,0.0,5.0
18,-23,0.0,0.01,0.0,5.0
21,-25,0.01,76.0,0.0,5.0
21,-25,0.95,45.0,0.0,5.0
21,-25,0.01,24.0,0.0,5.0
21,-25,0.0,3.4,0.01,5.0
21,-25,0.0,44.0,0.0,5.0
21,-25,0.0,120.0,0.0,5.0
26,-24,0.01,0.01,0.0,5.0
26,-24,1.2,0.01,0.0,5.0
26,-24,0.01,0.0,0.01,5.0
26,-24,0.01,0.01,1.4,5.0
26,-24,0.0,0.01,0.0,5.0
26,-24,0.01,0.68,0.0,5.0
18,-68,44.188,,0.0,5.0
18,-68,14.713,0.0,0.0,15.0
18,-68,0.01,0.0,0.0,30.0
18,-68,0.01,0.0,0.01,60.0
18,-68,1.089,0.0,0.0,75.0
18,-68,0.126,0.0,0.0,90.0
18,-68,0.01,0.0,0.0119,200.0
16,-65,1776.893,6.2,0.1851,5.0
16,-65,14.923,0.0,0.0,60.0
16,-65,0.01,0.0,0.01,150.0
12,-56,46.35,1.9,0.01,5.0
12,-56,197.259,12.5,2.7134,10.0
12,-56,39.431,0.0,0.0,30.0
12,-56,166.988,0.0,0.0,40.0
12,-56,1.922,0.0,0.01,50.0
12,-56,3.322,0.0,0.01,70.0
12,-56,0.01,0.0,0.01,100.0
12,-56,0.0,0.0,0.0,200.0
12,-54,733.075,0.00893133369123299,0.0,5.0
12,-54,910.899,0.0,0.01,20.0
12,-54,89.266,0.0,0.01,30.0
12,-54,90.472,10.0,0.0,40.0
12,-54,2.491,0.0,0.0,50.0
12,-54,0.216,0.0,0.01,75.0
12,-54,0.163,0.0,0.01,100.0
12,-54,0.01,0.0,0.0245,200.0
12,-52,279.282,,0.01,5.0
12,-52,116.976,0.0,0.0,20.0
12,-52,584.418,10.0,0.0,30.0
12,-52,49.974,0.0,0.0,40.0
12,-52,30.07,17.5,0.01,60.0
12,-52,51.927,20.0,0.0,75.0
12,-52,10.562,0.0,0.0,100.0
12,-52,0.298,0.0,0.0,200.0
12,-49,376.504,,0.01,5.0
12,-49,288.346,12.5,0.01,15.0
12,-49,422.223,0.0,0.01,30.0
12,-49,151.755,21000.0,0.2423,50.0
12,-49,66.552,19700.0,0.01,70.0
12,-49,14.235,20.0,0.0,95.0
12,-49,56.065,0.0,0.0,110.0
12,-49,0.239,0.0,0.0,200.0
12,-46,100.052,19.0,0.0,5.0
12,-46,29.19,146000.0,0.01,20.0
12,-46,286.424,155000.0,0.01,40.0
12,-46,39.733,124000.0,0.0,60.0
12,-46,1.499,0.0,0.0,85.0
12,-46,0.618,0.0,0.0,100.0
12,-46,0.092,0.0,0.0,150.0
12,-46,0.115,25.0,0.01,200.0
12,-43,176.824,,0.0,5.0
12,-43,4.78,17.5,0.0,20.0
12,-43,10.932,0.0,0.0,40.0
12,-43,1.632,1970.0,0.0,60.0
12,-43,50.533,0.0,0.0,75.0
12,-43,15.323,0.0,0.0,100.0
12,-43,0.526,0.0,0.01,150.0
12,-43,0.132,0.0,0.0107,200.0
12,-40,1.545,5.6,0.01,5.0
12,-40,0.103,26400.0,0.01,15.0
12,-40,5.641,46400.0,0.01,40.0
12,-40,6.821,383000.0,0.01,75.0
12,-40,0.01,25.0,0.0,96.0
12,-40,0.01,0.0,0.01,125.0
12,-40,0.01,37.5,0.0,150.0
12,-40,0.01,25.0,0.0,200.0
14,-35,0.0,0.73,0.195,15.0
14,-35,1.55,13100.0,0.7947,30.0
14,-35,3.682,3250.0,0.01,50.0
14,-35,7.001,794000.0,0.01,75.0
14,-35,0.35,0.0,0.0,105.0
14,-35,1.378,0.0,0.0,125.0
14,-35,0.01,0.0,0.195,150.0
14,-35,0.01,0.0,0.0,200.0
15,-32,0.724,360.0,0.0,5.0
15,-32,1.042,4810000.0,0.0,20.0
15,-32,0.01,1230000.0,0.01,60.0
15,-32,0.0,15.0,0.0,75.0
15,-32,0.01,12000.0,0.0,90.0
15,-32,0.01,30.0,0.0,125.0
15,-32,0.0,385.0,0.0,150.0
15,-32,0.0,25.0,0.0,200.0
17,-25,3.371,46.0,0.0,5.0
17,-25,16.699,854000.0,0.01,15.0
17,-25,7.835,292000.0,0.0218,30.0
17,-25,14.01,2390000.0,0.0533,50.0
17,-25,0.0,0.0,0.01,65.0
17,-25,0.142,42.5,0.0405,100.0
17,-25,0.242,31500.0,0.0113,150.0
17,-25,0.355,25.0,0.0162,200.0
10,-29,0.211,0.68,0.0,5.0
10,-29,0.01,584000.0,0.0,15.0
10,-29,0.01,62300.0,0.01,30.0
10,-29,0.01,0.0,0.0,50.0
10,-29,0.0,0.0,0.0,75.0
10,-29,0.01,0.0,0.0,100.0
10,-29,0.0,0.0,0.0,150.0
10,-29,0.01,0.0,0.0,200.0
7,-31,146.81,0.0,0.0,5.0
7,-31,196.103,17.5,0.0,20.0
7,-31,0.01,0.0,0.0,40.0
7,-31,174.851,0.0,0.0,60.0
7,-31,10.362,0.0,0.01,80.0
7,-31,1.77,0.0,0.0,100.0
7,-31,0.01,0.0,0.0,150.0
7,-31,2.696,0.0,0.01,200.0
0,-35,48.266,0.0,0.0,5.0
0,-35,82.145,0.0,0.0,20.0
0,-35,61.032,0.0,0.0,35.0
0,-35,165.326,0.0,0.0,50.0
0,-35,2.268,0.0,0.0,75.0
0,-35,0.352,0.0,0.0,90.0
0,-35,0.01,0.0,0.0,150.0
0,-35,0.249,0.0,0.0,200.0
3,-33,460.405,0.91,0.0,5.0
3,-33,923.682,17.5,0.01,20.0
3,-33,300.144,22.5,0.01,40.0
3,-33,94.132,73400.0,0.0,65.0
3,-33,40.525,0.0,0.01,92.0
3,-33,0.474,0.0,0.0,105.0
3,-33,16.792,47.5,0.01,150.0
3,-33,0.129,0.0,0.0,200.0
2,-38,631.907,0.0,0.01,5.0
2,-38,63.716,,0.0,20.0
2,-38,867.856,,5.0734,40.0
2,-38,410.299,,0.01,60.0
2,-38,59.689,,0.0,86.0
2,-38,18.039,,0.0,100.0
2,-38,11.067,,0.0,150.0
2,-38,12.05,,0.0,200.0
4,-42,14.913,,0.0,5.0
4,-42,85.48,0.0,0.01,20.0
4,-42,295.711,0.0,0.01,40.0
4,-42,71.683,0.0,0.01,70.0
4,-42,40.732,0.0,0.0,80.0
4,-42,1.3,0.0,0.0,100.0
4,-42,0.01,0.0,0.01,150.0
4,-42,0.01,0.0,0.0,200.0
6,-46,199.461,0.0,0.0,5.0
6,-46,381.003,0.0,0.3657,15.0
6,-46,200.042,17.5,0.01,30.0
6,-46,423.975,0.0,0.01,50.0
6,-46,82.338,0.0,0.01,70.0
6,-46,1.952,0.0,0.01,100.0
6,-46,0.077,0.0,0.01,150.0
6,-46,0.01,0.0,0.0155,200.0
8,-49,1157.219,0.0,0.01,5.0
8,-49,678.899,0.0,0.0,10.0
8,-49,1301.267,0.0,0.0,20.0
8,-49,88.481,0.0,0.0,30.0
8,-49,3.556,0.0,0.01,50.0
8,-49,1.3,0.0,0.0,70.0
8,-49,0.01,0.0,0.01,100.0
8,-49,0.076,0.0,0.0,150.0
